{
    "chatroomImgUrl":"https://to_image_of_user2.png",
    "id":"chatroom_1",
    "indicator":"rgba(255, 0, 0, 0.3)",
    "lastMessage":"Dit is te gek!",
    "name":"Joost Koning",
    "userAccess": [
        {
            "$key":"MZ67cylSeUdmerhIF8FtZjawUdq1",
            "email":"coach@ukee.nl",
            "firebaseToken":"fhEvXx7vamQ:APA91bHDnhlehrGLmbBQWWxv3KHmvry25YK6p7Xc_fmQ9_3VQzIJNUWrzfD0JdxSzrrlOt5_S2Zr9hLJCwBmXUqDK9o89HbLB40okhTS5ujOzEvyLVBOXTMCSoVUUxCrXVWDoPIfd2VR",
            "firstname":"Joost",
            "fullname":"Joost Koning",
            "id":"MZ67cylSeUdmerhIF8FtZjawUdq1",
            "lastname":"Koning",
            "typeOfUser":"Coach"
        },
        {
            "$key":"pgwIaUjcQKfb3g59Udwa2U6ZoEL2",
            "email":"danikupers@gmail.com",
            "firebaseToken":"c_lH7wiLPBw:APA91bFADob5qMxBOUY6g6Ac94WO0qhR-b58hBPCWMZI80gO-YV8MHJ9XtPHTNltFy7CShSdqfbpoofsGXIVWncWe26olRf-DiJIFE1aHMDIWPEMzbBvESTXGIdPNc9c2_3J27a3CQmH",
            "firstname":"Joost",
            "fullname":"Joost Koning",
            "id":"MZ67cylSeUdmerhIF8FtZjawUdq1",
            "lastname":"Koning",
            "profileImg":"https://lh3.googleusercontent.com/-5G-TNrNxRhw/AAAAAAAAAAI/AAAAAAAAAAA/AMp5VUpk_sIt72FHuLnBRcuyhY5PlzvT3Q/s32-c-mo/photo.jpg",
            "typeOfUser":"Coachee"
        }
    ]
}
