{
  "project_info": {
    "project_number": "516446777485",
    "firebase_url": "https://flike-69352.firebaseio.com",
    "project_id": "flike-69352",
    "storage_bucket": "flike-69352.appspot.com"
  },
  "client": [
    {
      "client_info": {
        "mobilesdk_app_id": "1:516446777485:android:4b74a45497a795ed",
        "android_client_info": {
          "package_name": "com.profiscore.flike"
        }
      },
      "oauth_client": [
        {
          "client_id": "516446777485-58ieibcl5cviifi124li2bf9ijf665lp.apps.googleusercontent.com",
          "client_type": 3
        }
      ],
      "api_key": [
        {
          "current_key": "AIzaSyCV-BG1bvp0wE9hxwqm8X7OdIrSweYTCdI"
        }
      ],
      "services": {
        "analytics_service": {
          "status": 1
        },
        "appinvite_service": {
          "status": 1,
          "other_platform_oauth_client": []
        },
        "ads_service": {
          "status": 2
        }
      }
    }
  ],
  "configuration_version": "1"
}